0,20,20,20,20,0,0,0,0,"Start under the portal at Newcastle Inn Entrance.  Start of OPEN SECTION.   Bear right and continue around parking lot to Traffic light at Hotel exit.","Start under the portal at Newcastle Inn Entrance.  Start of OPEN SECTION.   Bear right and continue around parking lot to Traffic light at Hotel exit.","Start under the portal at Newcastle Inn Entrance.  Start of OPEN SECTION.   Bear right and continue around parking lot to Traffic light at Hotel exit.","Start under the portal at Newcastle Inn Entrance.  Start of OPEN SECTION.   Bear right and continue around parking lot to Traffic light at Hotel exit."
.22,20,20,20,20,.011,.011,.011,0,"Traffic light. Turn LEFT into Victoria st.","Traffic light. Turn LEFT into Victoria st.","Traffic light. Turn LEFT into Victoria st.","Traffic light. Turn LEFT into Victoria st."
.3,20,20,20,20,.015,.015,.015,0,"Bear LEFT before Traffic light.","Bear LEFT before Traffic light.","Bear LEFT before Traffic light.","Bear LEFT before Traffic light."
.33,20,20,20,20,.0165,.0165,.0165,0,"Yield, Join Allan st.","Yield, Join Allan st.","Yield, Join Allan st.","Yield, Join Allan st."
.4,30,30,30,30,.02,.02,.02,0,"70 Speed limit.  [Camera]","70 Speed limit.  [Camera]","70 Speed limit.  [Camera]","70 Speed limit.  [Camera]"
1.71,30,30,30,30,6.36666666666667E-02,6.36666666666667E-02,6.36666666666667E-02,0,"Traffic light.  Carry straight on.","Traffic light.  Carry straight on.","Traffic light.  Carry straight on.","Traffic light.  Carry straight on."
2.38,35,35,35,35,.086,.086,.086,0,"70 Speed limit.","70 Speed limit.","70 Speed limit.","70 Speed limit."
3.12,35,39,42,45,.107142857142857,.107142857142857,.107142857142857,0,"Traffic light.  Carry straight on.","Traffic light.  Carry straight on.","Traffic light.  Carry straight on.","Traffic light.  Carry straight on."
5.36,30,30,30,30,.171142857142857,.164578754578755,.16047619047619,0,"Warning - Sharp curve .  Be careful of possible gravel on road.","Warning - Sharp curve .  Be careful of possible gravel on road.","Warning - Sharp curve .  Be careful of possible gravel on road.","Warning - Sharp curve .  Be careful of possible gravel on road."
5.86,30,30,30,30,.187809523809524,.181245421245421,.177142857142857,0,"Turn LEFT to R34 Utrecht, N11 Volksrust","Turn LEFT to R34 Utrecht, N11 Volksrust","Turn LEFT to R34 Utrecht, N11 Volksrust","Turn LEFT to R34 Utrecht, N11 Volksrust"
6.36,48,56,64,70,.20447619047619,.197912087912088,.193809523809524,0,"Danger Plate at Start of Armco barrier.  START of REGULARITY.  SoR on road.","Danger Plate at Start of Armco barrier.  START of REGULARITY.  SoR on road.","Danger Plate at Start of Armco barrier.  START of REGULARITY.  SoR on road.","Danger Plate at Start of Armco barrier.  START of REGULARITY.  SoR on road."
24.3,36,43,50,58,.57822619047619,.518269230769231,.474122023809524,0,"Combination Sign:  Warning - General Warning, Warning -  Combined curves.  For 15 km.","Combination Sign:  Warning - General Warning, Warning -  Combined curves.  For 15 km.","Combination Sign:  Warning - General Warning, Warning -  Combined curves.  For 15 km.","Combination Sign:  Warning - General Warning, Warning -  Combined curves.  For 15 km."
32.35,36,43,50,58,.801837301587301,.705478533094812,.635122023809524,0,"80 Speed limit.  Start of OPEN SECTION","80 Speed limit.  Start of OPEN SECTION","80 Speed limit.  Start of OPEN SECTION","80 Speed limit.  Start of OPEN SECTION"
41.74,40,45,50,54,1.06267063492063,.923850626118068,.822922023809524,0,"Overhead power lines.","Overhead power lines.","Overhead power lines.","Overhead power lines."
42.26,35,40,45,50,1.07567063492063,.935406181673623,.833322023809524,0,"Kwaggasnek.  [Historic battlefield] Amajuba.  START of REGULARITY.","Kwaggasnek.  [Historic battlefield] Amajuba.  START of REGULARITY.","Kwaggasnek.  [Historic battlefield] Amajuba.  START of REGULARITY.","Kwaggasnek.  [Historic battlefield] Amajuba.  START of REGULARITY."
42.45,49,58,69,78,1.08109920634921,.940156181673623,.837544246031746,0,"100 Speed limit.  Be careful of free roaming farm animals.","100 Speed limit.  Be careful of free roaming farm animals.","100 Speed limit.  Be careful of free roaming farm animals.","100 Speed limit.  Be careful of free roaming farm animals."
50.49,30,30,30,30,1.24518083900227,1.0787768713288,.954065985162181,0,"Dry Stream [River].  START of OPEN SECTION.","Dry Stream [River].  START of OPEN SECTION.","Dry Stream [River].  START of OPEN SECTION.","Dry Stream [River].  START of OPEN SECTION."
51.17,30,30,30,30,1.26784750566893,1.10144353799546,.976732651828848,0,"Traffic light.  Carry straight on. Engen service station on opposite corner","Traffic light.  Carry straight on. Engen service station on opposite corner","Traffic light.  Carry straight on. Engen service station on opposite corner","Traffic light.  Carry straight on. Engen service station on opposite corner"
51.32,30,30,30,30,1.27284750566893,1.10644353799546,.981732651828848,0,"Traffic light.  Carry straight on.","Traffic light.  Carry straight on.","Traffic light.  Carry straight on.","Traffic light.  Carry straight on."
51.47,30,30,30,30,1.27784750566893,1.11144353799546,.986732651828848,0,"Traffic light Turn Left into Adelaide Tambo st.  (Engen service station on near right hand corner.).","Traffic light Turn Left into Adelaide Tambo st.  (Engen service station on near right hand corner.).","Traffic light Turn Left into Adelaide Tambo st.  (Engen service station on near right hand corner.).","Traffic light Turn Left into Adelaide Tambo st.  (Engen service station on near right hand corner.)."
52.01,30,30,30,30,1.29584750566893,1.12944353799546,1.00473265182885,0,"Traffic light.  Carry straight on. Move to Right hand lane.","Traffic light.  Carry straight on. Move to Right hand lane.","Traffic light.  Carry straight on. Move to Right hand lane.","Traffic light.  Carry straight on. Move to Right hand lane."
52.54,0,0,0,0,1.3135141723356,1.14711020466213,1.02239931849551,0,"Turn Right (before traffic light) into Sasol  Amajuba Service Station. This is your refuel stop.","Turn Right (before traffic light) into Sasol  Amajuba Service Station. This is your refuel stop.","Turn Right (before traffic light) into Sasol  Amajuba Service Station. This is your refuel stop.","Turn Right (before traffic light) into Sasol  Amajuba Service Station. This is your refuel stop."
52.54,0,0,0,0,1.3135141723356,1.14711020466213,1.02239931849551,0,"For refuelling you have - [Time added: 15 minutes]","For refuelling you have - [Time added: 20 minutes]","For refuelling you have - [Time added: 20 minutes]","For refuelling you have - [Time added: 25 minutes]"
52.54,35,35,35,35,1.5635141723356,1.48044353799546,1.35573265182885,0,"After refuelling turn RIGHT into Govan Mbeki st. to continue on the R23 direction Standerton.  (As if you turned Right at the traffic light.)","After refuelling turn RIGHT into Govan Mbeki st. to continue on the R23 direction Standerton.  (As if you turned Right at the traffic light.)","After refuelling turn RIGHT into Govan Mbeki st. to continue on the R23 direction Standerton.  (As if you turned Right at the traffic light.)","After refuelling turn RIGHT into Govan Mbeki st. to continue on the R23 direction Standerton.  (As if you turned Right at the traffic light.)"
52.8,35,40,45,50,1.57094274376417,1.48787210942403,1.36316122325742,0,"Warning Children.  Children.","Warning Children.  Children.","Warning Children.  Children.","Warning Children.  Children."
54.92,36,41,47,52,1.6315141723356,1.54087210942403,1.41027233436853,0,"Danger Plate at Start of Armco barrier.  Two Eucalyptus trees.  Before Culvert under road.  START of REGULARITY.  SoR on road.","Danger Plate at Start of Armco barrier.  Two Eucalyptus trees.  Before Culvert under road.  START of REGULARITY.  SoR on road.","Danger Plate at Start of Armco barrier.  Two Eucalyptus trees.  Before Culvert under road.  START of REGULARITY.  SoR on road.","Danger Plate at Start of Armco barrier.  Two Eucalyptus trees.  Before Culvert under road.  START of REGULARITY.  SoR on road."
55.65,48,57,67,76,1.65179195011338,1.55867698747281,1.42580424926215,0,"Overhead wires.","Overhead wires.","Overhead wires.","Overhead wires."
70.11,40,45,50,54,1.95304195011338,1.81236119799913,1.64162514478454,0,"Bridge.  1742.","Bridge.  1742.","Bridge.  1742.","Bridge.  1742."
74.8,47,56,65,74,2.07029195011338,1.91658342022135,1.73542514478454,0,"Overhead power lines.","Overhead power lines.","Overhead power lines.","Overhead power lines."
78.85,42,51,60,70,2.15646216287934,1.98890484879278,1.79773283709223,0,"R23 Standerton / Streepfontein.","R23 Standerton / Streepfontein.","R23 Standerton / Streepfontein.","R23 Standerton / Streepfontein."
79.61,47,56,65,74,2.17455740097457,2.00380680957709,1.81039950375889,0,"Warning - Gentle curve.","Warning - Gentle curve.","Warning - Gentle curve.","Warning - Gentle curve."
84.54,46,53,60,66,2.27945101799585,2.09184252386281,1.88624565760505,0,"Warning - Farm animals.","Warning - Farm animals.","Warning - Farm animals.","Warning - Farm animals."
87.93,44,51,57,62,2.35314667016976,2.15580478801375,1.94274565760505,0,"R23 Standerton / Perdekop, Amersfoort .","R23 Standerton / Perdekop, Amersfoort .","R23 Standerton / Perdekop, Amersfoort .","R23 Standerton / Perdekop, Amersfoort ."
107.23,50,60,70,80,2.79178303380613,2.53423616056277,2.28134214883312,0,"Warning - Gentle curve.","Warning - Gentle curve.","Warning - Gentle curve.","Warning - Gentle curve."
114.47,46,55,64,72,2.93658303380613,2.65490282722944,2.38477072026169,0,"Traffic movement effected by obstruction.  250m","Traffic movement effected by obstruction.  250m","Traffic movement effected by obstruction.  250m","Traffic movement effected by obstruction.  250m"
118.36,50,60,70,80,3.02114825119743,2.72563009995671,2.44555197026169,0,"Wolwespruit.","Wolwespruit.","Wolwespruit.","Wolwespruit."
129.38,20,20,20,20,3.24154825119743,2.90929676662338,2.60298054169026,0,"Start of Armco barrier.  START of OPEN SECTION.","Start of Armco barrier.  START of OPEN SECTION.","Start of Armco barrier.  START of OPEN SECTION.","Start of Armco barrier.  START of OPEN SECTION."
129.82,20,20,20,20,3.26354825119743,2.93129676662338,2.62498054169026,0,"60 Speed limit.  [Camera].   Carry straight on.  Be careful of bad road surface.","60 Speed limit.  [Camera].   Carry straight on.  Be careful of bad road surface.","60 Speed limit.  [Camera].   Carry straight on.  Be careful of bad road surface.","60 Speed limit.  [Camera].   Carry straight on.  Be careful of bad road surface."
130.14,25,25,25,25,3.27954825119743,2.94729676662338,2.64098054169026,0,"R38","R38","R38","R38"
130.6,25,25,25,25,3.29794825119743,2.96569676662338,2.65938054169026,0,"STOP carry straight on.","STOP carry straight on.","STOP carry straight on.","STOP carry straight on."
130.8,25,25,25,25,3.30594825119743,2.97369676662338,2.66738054169026,0,"Traffic light. STOP carry straight on.","Traffic light. STOP carry straight on.","Traffic light. STOP carry straight on.","Traffic light. STOP carry straight on."
131,25,25,25,25,3.31394825119743,2.98169676662338,2.67538054169026,0,"STOP.  Carry straight on.","STOP.  Carry straight on.","STOP.  Carry straight on.","STOP.  Carry straight on."
131.39,25,25,25,25,3.32954825119743,2.99729676662338,2.69098054169026,0,"Traffic light.  Carry straight on.  Prepare To Turn Right into Engen Service Station.","Traffic light.  Carry straight on.  Prepare To Turn Right into Engen Service Station.","Traffic light.  Carry straight on.  Prepare To Turn Right into Engen Service Station.","Traffic light.  Carry straight on.  Prepare To Turn Right into Engen Service Station."
131.5,0,0,0,0,3.33394825119743,3.00169676662338,2.69538054169026,0,"Turn Right to Engen Service Station. Refuel first before stretching your legs etc.","Turn Right to Engen Service Station. Refuel first before stretching your legs etc.","Turn Right to Engen Service Station. Refuel first before stretching your legs etc.","Turn Right to Engen Service Station. Refuel first before stretching your legs etc."
131.5,0,0,0,0,3.33394825119743,3.00169676662338,2.69538054169026,0,"For this you have [Time added: 15 minutes]","For this you have [Time added: 20 minutes]","For this you have [Time added: 20 minutes]","For this you have [Time added: 25 minutes]"
131.5,25,25,25,25,3.58394825119743,3.33503009995671,3.02871387502359,0,"After Refuelling Turn Right out of service station and continue in same direction as before.","After Refuelling Turn Right out of service station and continue in same direction as before.","After Refuelling Turn Right out of service station and continue in same direction as before.","After Refuelling Turn Right out of service station and continue in same direction as before."
131.79,25,25,25,25,3.59554825119743,3.34663009995671,3.04031387502359,0,"STOP.  Carry straight on.  Be careful of bad road surface.","STOP.  Carry straight on.  Be careful of bad road surface.","STOP.  Carry straight on.  Be careful of bad road surface.","STOP.  Carry straight on.  Be careful of bad road surface."
132.92,25,25,25,25,3.64074825119743,3.39183009995671,3.08551387502359,0,"STOP.  Straight on.","STOP.  Straight on.","STOP.  Straight on.","STOP.  Straight on."
133.35,25,25,25,25,3.65794825119743,3.40903009995671,3.10271387502359,0,"Traffic light.  Carry straight on and move to centre of road.","Traffic light.  Carry straight on and move to centre of road.","Traffic light.  Carry straight on and move to centre of road.","Traffic light.  Carry straight on and move to centre of road."
133.56,25,25,25,25,3.66634825119743,3.41743009995671,3.11111387502359,0,"Traffic light/STOP.  T-Junction. Turn RIGHT on R38 and R23. Careful bad road surface.","Traffic light/STOP.  T-Junction. Turn RIGHT on R38 and R23. Careful bad road surface.","Traffic light/STOP.  T-Junction. Turn RIGHT on R38 and R23. Careful bad road surface.","Traffic light/STOP.  T-Junction. Turn RIGHT on R38 and R23. Careful bad road surface."
134.31,25,25,25,25,3.69634825119743,3.44743009995671,3.14111387502359,0,"Bear left (opposite KFC).  Krogh street.","Bear left (opposite KFC).  Krogh street.","Bear left (opposite KFC).  Krogh street.","Bear left (opposite KFC).  Krogh street."
134.36,30,30,30,30,3.69834825119743,3.44943009995671,3.1431138750236,0,"Yield.  Join Krogh street.","Yield.  Join Krogh street.","Yield.  Join Krogh street.","Yield.  Join Krogh street."
134.59,30,30,30,30,3.7060149178641,3.45709676662338,3.15078054169026,0,"Traffic light.  Carry straight on.","Traffic light.  Carry straight on.","Traffic light.  Carry straight on.","Traffic light.  Carry straight on."
135.63,30,30,30,30,3.74068158453076,3.49176343329004,3.18544720835693,0,"Yield.  Traffic circle.  Exit traffic circle at 2nd exit.","Yield.  Traffic circle.  Exit traffic circle at 2nd exit.","Yield.  Traffic circle.  Exit traffic circle at 2nd exit.","Yield.  Traffic circle.  Exit traffic circle at 2nd exit."
136.25,30,30,30,30,3.76134825119743,3.51243009995671,3.20611387502359,0,"Yield.  Traffic circle.  Exit traffic circle at 2nd exit.","Yield.  Traffic circle.  Exit traffic circle at 2nd exit.","Yield.  Traffic circle.  Exit traffic circle at 2nd exit.","Yield.  Traffic circle.  Exit traffic circle at 2nd exit."
137.33,35,40,45,50,3.79734825119743,3.54843009995671,3.24211387502359,0,"Yield.  Traffic circle.  Exit traffic circle at 2nd exit.","Yield.  Traffic circle.  Exit traffic circle at 2nd exit.","Yield.  Traffic circle.  Exit traffic circle at 2nd exit.","Yield.  Traffic circle.  Exit traffic circle at 2nd exit."
139.66,37,43,49,54,3.86391967976886,3.60668009995671,3.29389165280137,0,"Danger plate at culvert. After 5,2 km plate.  Orange dot on pole SOR on road.  START of REGULARITY.","Danger plate at culvert. After 5,2 km plate.  Orange dot on pole SOR on road.  START of REGULARITY.","Danger plate at culvert. After 5,2 km plate.  Orange dot on pole SOR on road.  START of REGULARITY.","Danger plate at culvert. After 5,2 km plate.  Orange dot on pole SOR on road.  START of REGULARITY."
141.6,46,55,64,72,3.91635211220129,3.65179637902648,3.33348348953607,0,"Warning - Gentle curve.","Warning - Gentle curve.","Warning - Gentle curve.","Warning - Gentle curve."
160.8,50,60,70,80,4.33374341654912,4.00088728811739,3.63348348953607,0,"Diagrammatic sign:   Traffic movement effected by obstruction.","Diagrammatic sign:   Traffic movement effected by obstruction.","Diagrammatic sign:   Traffic movement effected by obstruction.","Diagrammatic sign:   Traffic movement effected by obstruction."
164.21,41,48,55,62,4.40194341654912,4.05772062145072,3.68219777525035,0,"Bridge.","Bridge.","Bridge.","Bridge."
166.48,50,60,70,80,4.45730927020765,4.10501228811739,3.72347050252308,0,"Traffic movement effected by obstruction. 250m","Traffic movement effected by obstruction. 250m","Traffic movement effected by obstruction. 250m","Traffic movement effected by obstruction. 250m"
170.4,46,55,64,72,4.53570927020765,4.17034562145072,3.77947050252308,0,"Bridge.","Bridge.","Bridge.","Bridge."
173.96,49,58,69,78,4.61310057455548,4.23507289417799,3.83509550252308,0,"Diagrammatic Sign:  Additional lane.  250 m","Diagrammatic Sign:  Additional lane.  250 m","Diagrammatic Sign:  Additional lane.  250 m","Diagrammatic Sign:  Additional lane.  250 m"
187.44,46,55,64,72,4.88820261537181,4.46748668728144,4.03045782136366,0,"Bridge.","Bridge.","Bridge.","Bridge."
190.34,41,48,55,62,4.95124609363268,4.52021396000871,4.07577032136366,0,"Single sharp curve chevron.  Be careful of uneven road surface.","Single sharp curve chevron.  Be careful of uneven road surface.","Single sharp curve chevron.  Be careful of uneven road surface.","Single sharp curve chevron.  Be careful of uneven road surface."
208.19,35,35,35,35,5.38661194729121,4.89208896000871,4.40031577590911,0,"80 Speed limit.    START of OPEN SECTION.","80 Speed limit.    START of OPEN SECTION.","80 Speed limit.    START of OPEN SECTION.","80 Speed limit.    START of OPEN SECTION."
208.36,30,30,30,30,5.39146909014836,4.89694610286586,4.40517291876626,0,"60 Speed limit. Beware of speed bumps.","60 Speed limit. Beware of speed bumps.","60 Speed limit. Beware of speed bumps.","60 Speed limit. Beware of speed bumps."
208.74,30,30,30,30,5.40413575681502,4.90961276953252,4.41783958543292,0,"Roundabout.  Leave roundabout at 3rd Exit  to Balfour on R51.","Roundabout.  Leave roundabout at 3rd Exit  to Balfour on R51.","Roundabout.  Leave roundabout at 3rd Exit  to Balfour on R51.","Roundabout.  Leave roundabout at 3rd Exit  to Balfour on R51."
209.1,30,30,30,30,5.41613575681502,4.92161276953252,4.42983958543292,0,"60 Speed limit. Beware of speed bumps.","60 Speed limit. Beware of speed bumps.","60 Speed limit. Beware of speed bumps.","60 Speed limit. Beware of speed bumps."
209.41,30,30,30,30,5.42646909014836,4.93194610286586,4.44017291876625,0,"STOP carry straight on .Beware of speed bumps.","STOP carry straight on .Beware of speed bumps.","STOP carry straight on .Beware of speed bumps.","STOP carry straight on .Beware of speed bumps."
210.67,30,30,30,30,5.46846909014836,4.97394610286586,4.48217291876625,0,"STOP Turn RIGHT.","STOP Turn RIGHT.","STOP Turn RIGHT.","STOP Turn RIGHT."
211.02,30,30,30,30,5.48013575681502,4.98561276953252,4.49383958543292,0,"STOP.  Turn Right on Dryer st just before Sasol Filling station","STOP.  Turn Right on Dryer st just before Sasol Filling station","STOP.  Turn Right on Dryer st just before Sasol Filling station","STOP.  Turn Right on Dryer st just before Sasol Filling station"
211.05,0,0,0,0,5.48113575681502,4.98661276953252,4.49483958543292,0,"Sasol Service Station on left.  Refuel before lunch.","Sasol Service Station on left.  Refuel before lunch.","Sasol Service Station on left.  Refuel before lunch.","Sasol Service Station on left.  Refuel before lunch."
211.05,0,0,0,0,5.48113575681502,4.98661276953252,4.49483958543292,0,"For refuelling you have:- [Time added: 10 minutes]","For refuelling you have:- [Time added: 15 minutes]","For refuelling you have:- [Time added: 15 minutes]","For refuelling you have:- [Time added: 20 minutes]"
211.05,30,30,30,30,5.64780242348169,5.23661276953252,4.74483958543292,0,"Continue across Dryer st towards Church grounds gate.","Continue across Dryer st towards Church grounds gate.","Continue across Dryer st towards Church grounds gate.","Continue across Dryer st towards Church grounds gate."
211.08,0,0,0,0,5.64880242348169,5.23761276953253,4.74583958543292,0,"Church ground gate.  Enjoy a light lunch in the hall.","Church ground gate.  Enjoy a light lunch in the hall.","Church ground gate.  Enjoy a light lunch in the hall.","Church ground gate.  Enjoy a light lunch in the hall."
211.08,0,0,0,0,5.64880242348169,5.23761276953253,4.74583958543292,0,"For lunch you have:- [Time added: 45 minutes]","For lunch you have:- [Time added: 50 minutes]","For lunch you have:- [Time added: 55 minutes]","For lunch you have:- [Time added: 60 minutes]"
211.08,30,30,30,30,6.39880242348169,6.07094610286586,5.66250625209959,0,"After lunch return to the gate and Turn LEFT in to Dryer st.","After lunch return to the gate and Turn LEFT in to Dryer st.","After lunch return to the gate and Turn LEFT in to Dryer st.","After lunch return to the gate and Turn LEFT in to Dryer st."
211.11,30,30,30,30,6.39980242348169,6.07194610286586,5.66350625209959,0,"STOP.  Turn Left into Johny Mokoena st.","STOP.  Turn Left into Johny Mokoena st.","STOP.  Turn Left into Johny Mokoena st.","STOP.  Turn Left into Johny Mokoena st."
211.44,30,30,30,30,6.41080242348169,6.08294610286586,5.67450625209959,0,"STOP.  Carry straight on through 3 more STOP streets.","STOP.  Carry straight on through 3 more STOP streets.","STOP.  Carry straight on through 3 more STOP streets.","STOP.  Carry straight on through 3 more STOP streets."
212.16,30,30,30,30,6.43480242348169,6.10694610286586,5.69850625209959,0,"Bridge.","Bridge.","Bridge.","Bridge."
212.67,41,48,55,62,6.45180242348169,6.12394610286586,5.71550625209959,0,"Big tree on both sides of the road. SOR on Road. START of REGULARATY","Big tree on both sides of the road. SOR on Road. START of REGULARATY","Big tree on both sides of the road. SOR on Road. START of REGULARATY","Big tree on both sides of the road. SOR on Road. START of REGULARATY"
215.94,10,10,10,10,6.53155852104267,6.19207110286586,5.77496079755413,0,"R23 Heidelberg / R23 Standerton.","R23 Heidelberg / R23 Standerton.","R23 Heidelberg / R23 Standerton.","R23 Heidelberg / R23 Standerton."
216.24,10,10,10,10,6.56155852104267,6.22207110286586,5.80496079755414,0,"STOP Turn Right on R23 to Heidelberg.","STOP Turn Right on R23 to Heidelberg.","STOP Turn Right on R23 to Heidelberg.","STOP Turn Right on R23 to Heidelberg."
216.35,41,48,55,62,6.57255852104267,6.23307110286586,5.81596079755413,0,"R23 Heidelberg 26  [ max 72]","R23 Heidelberg 26  [ max 72]","R23 Heidelberg 26  [ max 72]","R23 Heidelberg 26  [ max 72]"
223.24,39,45,52,58,6.74060730153047,6.37661276953252,5.94123352482686,0,"Poortjie .Bad road surface.","Poortjie .Bad road surface.","Poortjie .Bad road surface.","Poortjie .Bad road surface."
229.96,41,48,55,62,6.91291499383816,6.52594610286586,6.07046429405763,0,"R23 Heidelberg /   Largerspoort.","R23 Heidelberg /   Largerspoort.","R23 Heidelberg /   Largerspoort.","R23 Heidelberg /   Largerspoort."
233.21,35,35,35,35,6.99218328652109,6.59365443619919,6.12955520314854,0,"Bridge.   START of OPEN SECTION.","Bridge.   START of OPEN SECTION.","Bridge.   START of OPEN SECTION.","Bridge.   START of OPEN SECTION."
235.05,30,30,30,30,7.04475471509252,6.64622586477062,6.18212663171997,0,"N3 [ T ] Johannesburg .  Prepare to turn RIGHT.","N3 [ T ] Johannesburg .  Prepare to turn RIGHT.","N3 [ T ] Johannesburg .  Prepare to turn RIGHT.","N3 [ T ] Johannesburg .  Prepare to turn RIGHT."
235.28,30,30,30,30,7.05242138175919,6.65389253143729,6.18979329838664,0,"N3 Johannesburg .  Turn RIGHT.","N3 Johannesburg .  Turn RIGHT.","N3 Johannesburg .  Turn RIGHT.","N3 Johannesburg .  Turn RIGHT."
235.85,41,48,55,62,7.07142138175919,6.67289253143729,6.20879329838664,0,"Join N3 Freeway","Join N3 Freeway","Join N3 Freeway","Join N3 Freeway"
241.99,41,48,55,62,7.22117747932016,6.80080919810395,6.320429662023,0,"Blesbok [River]","Blesbok [River]","Blesbok [River]","Blesbok [River]"
246.19,35,40,45,50,7.32361650371041,6.88830919810395,6.39679329838664,0,"70.  Heidelberg.  R23 Heidelberg (North), Benoni 1km, N3.  Prepare to leave the N3 at exit 70.","70.  Heidelberg.  R23 Heidelberg (North), Benoni 1km, N3.  Prepare to leave the N3 at exit 70.","70.  Heidelberg.  R23 Heidelberg (North), Benoni 1km, N3.  Prepare to leave the N3 at exit 70.","70.  Heidelberg.  R23 Heidelberg (North), Benoni 1km, N3.  Prepare to leave the N3 at exit 70."
247.17,30,30,30,30,7.3516165037104,6.91280919810395,6.41857107616441,0,"Leave the N3 Freeway on Exit 70.","Leave the N3 Freeway on Exit 70.","Leave the N3 Freeway on Exit 70.","Leave the N3 Freeway on Exit 70."
247.65,30,30,30,30,7.36761650371041,6.92880919810395,6.43457107616441,0,"60 Speed limit.","60 Speed limit.","60 Speed limit.","60 Speed limit."
247.77,30,30,30,30,7.37161650371041,6.93280919810395,6.43857107616441,0,"Bear Left before 4way Stop.","Bear Left before 4way Stop.","Bear Left before 4way Stop.","Bear Left before 4way Stop."
247.86,30,30,30,30,7.37461650371041,6.93580919810395,6.44157107616441,0,"Yield Join the R23 to Benoni","Yield Join the R23 to Benoni","Yield Join the R23 to Benoni","Yield Join the R23 to Benoni"
248.34,35,40,45,50,7.39061650371041,6.95180919810395,6.45757107616441,0,"R23 Brakpan , Benoni / R103 Alberton.","R23 Brakpan , Benoni / R103 Alberton.","R23 Brakpan , Benoni / R103 Alberton.","R23 Brakpan , Benoni / R103 Alberton."
248.61,48,56,64,70,7.39833078942469,6.95855919810395,6.46357107616441,0,"R23 Brakpan 28 , Benoni 31,  START of REGULARATY","R23 Brakpan 28 , Benoni 31,  START of REGULARATY","R23 Brakpan 28 , Benoni 31,  START of REGULARATY","R23 Brakpan 28 , Benoni 31,  START of REGULARATY"
256.9,30,30,30,30,7.57103912275802,7.10659491238967,6.59310232616441,0,"R23 Brakpan , Benoni /R550 Nigel /R550 Klipriver.   START of OPEN SECTION.","R23 Brakpan , Benoni /R550 Nigel /R550 Klipriver.   START of OPEN SECTION.","R23 Brakpan , Benoni /R550 Nigel /R550 Klipriver.   START of OPEN SECTION.","R23 Brakpan , Benoni /R550 Nigel /R550 Klipriver.   START of OPEN SECTION."
257.1,35,40,45,50,7.57770578942469,7.11326157905634,6.59976899283108,0,"STOP carry straight on through 2 mor STOP streets.   Please treat all non-functioning Traffic lights as STOP streets.","STOP carry straight on through 2 mor STOP streets.   Please treat all non-functioning Traffic lights as STOP streets.","STOP carry straight on through 2 mor STOP streets.   Please treat all non-functioning Traffic lights as STOP streets.","STOP carry straight on through 2 mor STOP streets.   Please treat all non-functioning Traffic lights as STOP streets."
270.56,35,40,45,50,7.96227721799612,7.44976157905634,6.89888010394219,0,"Traffic light.  Carry straight on.","Traffic light.  Carry straight on.","Traffic light.  Carry straight on.","Traffic light.  Carry straight on."
271.84,35,40,45,50,7.99884864656755,7.48176157905633,6.92732454838664,0,"STOP (Was Traffic light)  carry straight on.","STOP (Was Traffic light)  carry straight on.","STOP (Was Traffic light)  carry straight on.","STOP (Was Traffic light)  carry straight on."
272.48,35,40,45,50,8.01713436085326,7.49776157905634,6.94154677060886,0,"Traffic light  carry straight on through 2 more traffic lights..","Traffic light  carry straight on through 2 more traffic lights..","Traffic light  carry straight on through 2 more traffic lights..","Traffic light  carry straight on through 2 more traffic lights.."
274.65,35,40,45,50,8.07913436085326,7.55201157905633,6.98976899283108,0,"STOP.  (Was a Traffic Light.)  Carry straight on.","STOP.  (Was a Traffic Light.)  Carry straight on.","STOP.  (Was a Traffic Light.)  Carry straight on.","STOP.  (Was a Traffic Light.)  Carry straight on."
275.86,35,40,45,50,8.11370578942469,7.58226157905633,7.01665788171997,0,"STOP.  Carry straight on .","STOP.  Carry straight on .","STOP.  Carry straight on .","STOP.  Carry straight on ."
277.72,35,40,45,50,8.16684864656755,7.62876157905633,7.05799121505331,0,"Traffic light.  Carry straight on.","Traffic light.  Carry straight on.","Traffic light.  Carry straight on.","Traffic light.  Carry straight on."
278.34,35,40,45,50,8.18456293228184,7.64426157905633,7.07176899283108,0,"Traffic light.  Carry straight on.","Traffic light.  Carry straight on.","Traffic light.  Carry straight on.","Traffic light.  Carry straight on."
278.98,35,40,45,50,8.20284864656755,7.66026157905633,7.0859912150533,0,"Traffic light.  Carry straight on.","Traffic light.  Carry straight on.","Traffic light.  Carry straight on.","Traffic light.  Carry straight on."
279.63,30,30,30,30,8.22142007513898,7.67651157905633,7.10043565949775,0,"Traffic Light.","Traffic Light.","Traffic Light.","Traffic Light."
280.16,30,30,30,30,8.23908674180565,7.694178245723,7.11810232616442,0,"Traffic Light.  Carry straight on through 1 more traffic light.","Traffic Light.  Carry straight on through 1 more traffic light.","Traffic Light.  Carry straight on through 1 more traffic light.","Traffic Light.  Carry straight on through 1 more traffic light."
281.46,30,30,30,30,8.28242007513898,7.73751157905633,7.16143565949775,0,"Traffic Light.  Carry straight on through 2 more traffic lights.  Keep to centre of Road","Traffic Light.  Carry straight on through 2 more traffic lights.  Keep to centre of Road","Traffic Light.  Carry straight on through 2 more traffic lights.  Keep to centre of Road","Traffic Light.  Carry straight on through 2 more traffic lights.  Keep to centre of Road"
281.98,30,30,30,30,8.29975340847231,7.75484491238967,7.17876899283108,0,"Traffic Light.  Carry straight on through 2 more traffic lights.  Move to centre lane.","Traffic Light.  Carry straight on through 2 more traffic lights.  Move to centre lane.","Traffic Light.  Carry straight on through 2 more traffic lights.  Move to centre lane.","Traffic Light.  Carry straight on through 2 more traffic lights.  Move to centre lane."
283.75,20,20,20,20,8.35875340847231,7.81384491238967,7.23776899283108,0,"Prohibition - Right turn ahead prohibited.","Prohibition - Right turn ahead prohibited.","Prohibition - Right turn ahead prohibited.","Prohibition - Right turn ahead prohibited."
284.05,30,30,30,30,8.37375340847231,7.82884491238967,7.25276899283108,0,"Traffic light.  Turn LEFT on Miles Sharp street.","Traffic light.  Turn LEFT on Miles Sharp street.","Traffic light.  Turn LEFT on Miles Sharp street.","Traffic light.  Turn LEFT on Miles Sharp street."
284.27,30,30,30,30,8.38108674180564,7.836178245723,7.26010232616442,0,"STOP.  Carry straight on,  on Miles Sharp street.","STOP.  Carry straight on,  on Miles Sharp street.","STOP.  Carry straight on,  on Miles Sharp street.","STOP.  Carry straight on,  on Miles Sharp street."
284.54,20,20,20,20,8.39008674180565,7.845178245723,7.26910232616442,0,"Y-Junction. Turn RIGHT on Milburn street.","Y-Junction. Turn RIGHT on Milburn street.","Y-Junction. Turn RIGHT on Milburn street.","Y-Junction. Turn RIGHT on Milburn street."
284.82,30,30,30,30,8.40408674180565,7.859178245723,7.28310232616442,0,"Warning. Speed Bumps","Warning. Speed Bumps","Warning. Speed Bumps","Warning. Speed Bumps"
285.27,30,30,30,30,8.41908674180564,7.874178245723,7.29810232616442,0,"STOP.  Turn LEFT on Brodigan Ave.","STOP.  Turn LEFT on Brodigan Ave.","STOP.  Turn LEFT on Brodigan Ave.","STOP.  Turn LEFT on Brodigan Ave."
286.05,30,30,30,30,8.44508674180565,7.900178245723,7.32410232616442,0,"Traffic Light.  Carry straight on.  Prepare to turn Left.","Traffic Light.  Carry straight on.  Prepare to turn Left.","Traffic Light.  Carry straight on.  Prepare to turn Left.","Traffic Light.  Carry straight on.  Prepare to turn Left."
286.29,20,20,20,20,8.45308674180565,7.908178245723,7.33210232616442,0,"Turn LEFT into Benoni Northerns Sports Club.  Carry Straight on through Treed Lane.  Beware of Speed bumps.","Turn LEFT into Benoni Northerns Sports Club.  Carry Straight on through Treed Lane.  Beware of Speed bumps.","Turn LEFT into Benoni Northerns Sports Club.  Carry Straight on through Treed Lane.  Beware of Speed bumps.","Turn LEFT into Benoni Northerns Sports Club.  Carry Straight on through Treed Lane.  Beware of Speed bumps."
286.49,20,20,20,20,8.46308674180565,7.918178245723,7.34210232616442,0,"Turn LEFT  at end of sports field on left.","Turn LEFT  at end of sports field on left.","Turn LEFT  at end of sports field on left.","Turn LEFT  at end of sports field on left."
286.56,20,20,20,20,8.46658674180565,7.921678245723,7.34560232616442,0,"Turn LEFT onto sports field and immediately Turn LEFT to follow edge of Sports Field.","Turn LEFT onto sports field and immediately Turn LEFT to follow edge of Sports Field.","Turn LEFT onto sports field and immediately Turn LEFT to follow edge of Sports Field.","Turn LEFT onto sports field and immediately Turn LEFT to follow edge of Sports Field."
286.62,20,20,20,20,8.46958674180565,7.924678245723,7.34860232616442,0,"Turn RIGHT to follow edge of sports field.","Turn RIGHT to follow edge of sports field.","Turn RIGHT to follow edge of sports field.","Turn RIGHT to follow edge of sports field."
286.69,0,0,0,0,8.47308674180564,7.928178245723,7.35210232616442,0,"STOP.  Final Open Control","STOP.  Final Open Control","STOP.  Final Open Control","STOP.  Final Open Control"
